timeStamp,elapsed,label,responseCode,responseMessage,threadName,dataType,success,failureMessage,bytes,sentBytes,grpThreads,allThreads,URL,Latency,IdleTime,Connect
1637799357635,45,HTTP Request,200,OK,Thread Group 1-3,text,true,,170,890,3,3,http://13.229.114.206:5000/,44,0,4
1637799357605,74,HTTP Request,200,OK,Thread Group 1-1,text,true,,170,890,3,3,http://13.229.114.206:5000/,72,0,21
1637799357605,74,HTTP Request,200,OK,Thread Group 1-2,text,true,,170,890,3,3,http://13.229.114.206:5000/,72,0,21
1637799357681,41,HTTP Request,200,OK,Thread Group 1-1,text,true,,170,890,4,4,http://13.229.114.206:5000/,41,0,4
1637799357681,43,HTTP Request,200,OK,Thread Group 1-2,text,true,,170,890,4,4,http://13.229.114.206:5000/,43,0,4
1637799357681,44,HTTP Request,200,OK,Thread Group 1-3,text,true,,170,890,4,4,http://13.229.114.206:5000/,44,0,4
1637799357683,43,HTTP Request,200,OK,Thread Group 1-4,text,true,,170,890,4,4,http://13.229.114.206:5000/,43,0,4
1637799357724,38,HTTP Request,200,OK,Thread Group 1-2,text,true,,170,890,5,5,http://13.229.114.206:5000/,38,0,3
1637799357726,37,HTTP Request,200,OK,Thread Group 1-4,text,true,,170,890,5,5,http://13.229.114.206:5000/,37,0,3
1637799357725,38,HTTP Request,200,OK,Thread Group 1-3,text,true,,170,890,5,5,http://13.229.114.206:5000/,38,0,3
1637799357722,44,HTTP Request,200,OK,Thread Group 1-1,text,true,,170,890,5,5,http://13.229.114.206:5000/,44,0,3
1637799357736,54,HTTP Request,200,OK,Thread Group 1-5,text,true,,170,890,6,6,http://13.229.114.206:5000/,54,0,3
1637799357763,53,HTTP Request,200,OK,Thread Group 1-4,text,true,,170,890,6,6,http://13.229.114.206:5000/,53,0,4
1637799357764,53,HTTP Request,200,OK,Thread Group 1-3,text,true,,170,890,6,6,http://13.229.114.206:5000/,53,0,3
1637799357762,55,HTTP Request,200,OK,Thread Group 1-2,text,true,,170,890,6,6,http://13.229.114.206:5000/,55,0,5
1637799357766,73,HTTP Request,200,OK,Thread Group 1-1,text,true,,170,890,7,7,http://13.229.114.206:5000/,72,0,3
1637799357786,57,HTTP Request,200,OK,Thread Group 1-6,text,true,,170,890,7,7,http://13.229.114.206:5000/,57,0,4
1637799357791,53,HTTP Request,200,OK,Thread Group 1-5,text,true,,170,890,7,7,http://13.229.114.206:5000/,53,0,2
1637799357817,46,HTTP Request,200,OK,Thread Group 1-2,text,true,,170,890,7,7,http://13.229.114.206:5000/,46,0,4
1637799357816,49,HTTP Request,200,OK,Thread Group 1-4,text,true,,170,890,7,7,http://13.229.114.206:5000/,48,0,4
1637799357817,50,HTTP Request,200,OK,Thread Group 1-3,text,true,,170,890,7,7,http://13.229.114.206:5000/,50,0,3
1637799357834,53,HTTP Request,200,OK,Thread Group 1-7,text,true,,170,890,8,8,http://13.229.114.206:5000/,53,0,3
1637799357839,51,HTTP Request,200,OK,Thread Group 1-1,text,true,,170,890,8,8,http://13.229.114.206:5000/,51,0,3
1637799357844,47,HTTP Request,200,OK,Thread Group 1-5,text,true,,170,890,8,8,http://13.229.114.206:5000/,47,0,3
1637799357843,50,HTTP Request,200,OK,Thread Group 1-6,text,true,,170,890,8,8,http://13.229.114.206:5000/,50,0,3
1637799357865,46,HTTP Request,200,OK,Thread Group 1-4,text,true,,170,890,8,8,http://13.229.114.206:5000/,46,0,3
1637799357863,52,HTTP Request,200,OK,Thread Group 1-2,text,true,,170,890,8,8,http://13.229.114.206:5000/,52,0,4
1637799357867,52,HTTP Request,200,OK,Thread Group 1-3,text,true,,170,890,8,8,http://13.229.114.206:5000/,52,0,3
1637799357888,59,HTTP Request,200,OK,Thread Group 1-7,text,true,,170,890,9,9,http://13.229.114.206:5000/,59,0,3
1637799357890,57,HTTP Request,200,OK,Thread Group 1-1,text,true,,170,890,9,9,http://13.229.114.206:5000/,57,0,4
1637799357891,57,HTTP Request,200,OK,Thread Group 1-5,text,true,,170,890,9,9,http://13.229.114.206:5000/,57,0,4
1637799357884,65,HTTP Request,200,OK,Thread Group 1-8,text,true,,170,890,9,9,http://13.229.114.206:5000/,65,0,5
1637799357893,56,HTTP Request,200,OK,Thread Group 1-6,text,true,,170,890,9,9,http://13.229.114.206:5000/,56,0,4
1637799357912,63,HTTP Request,200,OK,Thread Group 1-4,text,true,,170,890,9,9,http://13.229.114.206:5000/,63,0,3
1637799357915,60,HTTP Request,200,OK,Thread Group 1-2,text,true,,170,890,9,9,http://13.229.114.206:5000/,60,0,4
1637799357920,82,HTTP Request,200,OK,Thread Group 1-3,text,true,,170,890,10,10,http://13.229.114.206:5000/,82,0,3
1637799357947,57,HTTP Request,200,OK,Thread Group 1-7,text,true,,170,890,10,10,http://13.229.114.206:5000/,57,0,4
1637799357947,57,HTTP Request,200,OK,Thread Group 1-1,text,true,,170,890,10,10,http://13.229.114.206:5000/,57,0,4
1637799357949,78,HTTP Request,200,OK,Thread Group 1-5,text,true,,170,890,10,10,http://13.229.114.206:5000/,78,0,3
1637799357936,91,HTTP Request,200,OK,Thread Group 1-9,text,true,,170,890,10,10,http://13.229.114.206:5000/,91,0,5
1637799357949,102,HTTP Request,200,OK,Thread Group 1-8,text,true,,170,890,11,11,http://13.229.114.206:5000/,102,0,4
1637799357975,77,HTTP Request,200,OK,Thread Group 1-4,text,true,,170,890,11,11,http://13.229.114.206:5000/,77,0,3
1637799357949,104,HTTP Request,200,OK,Thread Group 1-6,text,true,,170,890,11,11,http://13.229.114.206:5000/,104,0,4
1637799357975,80,HTTP Request,200,OK,Thread Group 1-2,text,true,,170,890,11,11,http://13.229.114.206:5000/,80,0,4
1637799358004,93,HTTP Request,200,OK,Thread Group 1-7,text,true,,170,890,12,12,http://13.229.114.206:5000/,93,0,3
1637799358028,71,HTTP Request,200,OK,Thread Group 1-9,text,true,,170,890,12,12,http://13.229.114.206:5000/,71,0,3
1637799357984,115,HTTP Request,200,OK,Thread Group 1-10,text,true,,170,890,12,12,http://13.229.114.206:5000/,115,0,4
1637799358002,97,HTTP Request,200,OK,Thread Group 1-3,text,true,,170,890,12,12,http://13.229.114.206:5000/,97,0,4
1637799358004,96,HTTP Request,200,OK,Thread Group 1-1,text,true,,170,890,12,12,http://13.229.114.206:5000/,96,0,5
1637799358033,67,HTTP Request,200,OK,Thread Group 1-11,text,true,,170,890,12,12,http://13.229.114.206:5000/,67,0,3
1637799358027,75,HTTP Request,200,OK,Thread Group 1-5,text,true,,170,890,12,12,http://13.229.114.206:5000/,75,0,3
1637799358052,80,HTTP Request,200,OK,Thread Group 1-4,text,true,,170,890,12,12,http://13.229.114.206:5000/,80,0,3
1637799358053,79,HTTP Request,200,OK,Thread Group 1-6,text,true,,170,890,13,13,http://13.229.114.206:5000/,79,0,3
1637799358052,81,HTTP Request,200,OK,Thread Group 1-8,text,true,,170,890,13,13,http://13.229.114.206:5000/,81,0,3
1637799358056,78,HTTP Request,200,OK,Thread Group 1-2,text,true,,170,890,13,13,http://13.229.114.206:5000/,78,0,4
1637799358100,56,HTTP Request,200,OK,Thread Group 1-3,text,true,,170,890,13,13,http://13.229.114.206:5000/,55,0,4
1637799358097,63,HTTP Request,200,OK,Thread Group 1-7,text,true,,170,890,13,13,http://13.229.114.206:5000/,63,0,5
1637799358086,75,HTTP Request,200,OK,Thread Group 1-12,text,true,,170,890,13,13,http://13.229.114.206:5000/,75,0,4
1637799358099,62,HTTP Request,200,OK,Thread Group 1-9,text,true,,170,890,13,13,http://13.229.114.206:5000/,62,0,5
1637799358102,84,HTTP Request,200,OK,Thread Group 1-5,text,true,,170,890,14,14,http://13.229.114.206:5000/,84,0,4
1637799358100,88,HTTP Request,200,OK,Thread Group 1-11,text,true,,170,890,14,14,http://13.229.114.206:5000/,88,0,5
1637799358100,88,HTTP Request,200,OK,Thread Group 1-1,text,true,,170,890,14,14,http://13.229.114.206:5000/,88,0,5
1637799358132,57,HTTP Request,200,OK,Thread Group 1-4,text,true,,170,890,14,14,http://13.229.114.206:5000/,57,0,4
1637799358100,91,HTTP Request,200,OK,Thread Group 1-10,text,true,,170,890,14,14,http://13.229.114.206:5000/,91,0,4
1637799358134,87,HTTP Request,200,OK,Thread Group 1-2,text,true,,170,890,14,14,http://13.229.114.206:5000/,86,0,3
1637799358132,89,HTTP Request,200,OK,Thread Group 1-6,text,true,,170,890,14,14,http://13.229.114.206:5000/,89,0,4
1637799358133,88,HTTP Request,200,OK,Thread Group 1-8,text,true,,170,890,14,14,http://13.229.114.206:5000/,88,0,4
1637799358133,90,HTTP Request,200,OK,Thread Group 1-13,text,true,,170,890,13,13,http://13.229.114.206:5000/,90,0,3
1637799358156,72,HTTP Request,200,OK,Thread Group 1-3,text,true,,170,890,13,13,http://13.229.114.206:5000/,71,0,3
1637799358161,89,HTTP Request,200,OK,Thread Group 1-9,text,true,,170,890,13,13,http://13.229.114.206:5000/,88,0,3
1637799358160,91,HTTP Request,200,OK,Thread Group 1-7,text,true,,170,890,13,13,http://13.229.114.206:5000/,91,0,6
1637799358161,109,HTTP Request,200,OK,Thread Group 1-12,text,true,,170,890,13,13,http://13.229.114.206:5000/,109,0,3
1637799358184,90,HTTP Request,200,OK,Thread Group 1-14,text,true,,170,890,13,13,http://13.229.114.206:5000/,90,0,4
1637799358186,114,HTTP Request,200,OK,Thread Group 1-5,text,true,,170,890,14,14,http://13.229.114.206:5000/,114,0,5
1637799358190,111,HTTP Request,200,OK,Thread Group 1-4,text,true,,170,890,14,14,http://13.229.114.206:5000/,111,0,3
1637799358189,114,HTTP Request,200,OK,Thread Group 1-1,text,true,,170,890,13,13,http://13.229.114.206:5000/,114,0,3
1637799358191,114,HTTP Request,200,OK,Thread Group 1-10,text,true,,170,890,12,12,http://13.229.114.206:5000/,114,0,3
1637799358188,134,HTTP Request,200,OK,Thread Group 1-11,text,true,,170,890,12,12,http://13.229.114.206:5000/,134,0,4
1637799358221,107,HTTP Request,200,OK,Thread Group 1-6,text,true,,170,890,12,12,http://13.229.114.206:5000/,107,0,5
1637799358221,130,HTTP Request,200,OK,Thread Group 1-8,text,true,,170,890,13,13,http://13.229.114.206:5000/,130,0,5
1637799358250,102,HTTP Request,200,OK,Thread Group 1-9,text,true,,170,890,13,13,http://13.229.114.206:5000/,102,0,3
1637799358223,130,HTTP Request,200,OK,Thread Group 1-13,text,true,,170,890,13,13,http://13.229.114.206:5000/,130,0,3
1637799358233,121,HTTP Request,200,OK,Thread Group 1-15,text,true,,170,890,13,13,http://13.229.114.206:5000/,121,0,4
1637799358271,109,HTTP Request,200,OK,Thread Group 1-12,text,true,,170,890,13,13,http://13.229.114.206:5000/,109,0,3
1637799358275,110,HTTP Request,200,OK,Thread Group 1-14,text,true,,170,890,14,14,http://13.229.114.206:5000/,110,0,2
1637799358251,134,HTTP Request,200,OK,Thread Group 1-7,text,true,,170,890,14,14,http://13.229.114.206:5000/,134,0,3
1637799358283,103,HTTP Request,200,OK,Thread Group 1-16,text,true,,170,890,14,14,http://13.229.114.206:5000/,103,0,4
1637799358328,59,HTTP Request,200,OK,Thread Group 1-6,text,true,,170,890,14,14,http://13.229.114.206:5000/,59,0,4
1637799358300,88,HTTP Request,200,OK,Thread Group 1-5,text,true,,170,890,14,14,http://13.229.114.206:5000/,88,0,4
1637799358323,66,HTTP Request,200,OK,Thread Group 1-11,text,true,,170,890,14,14,http://13.229.114.206:5000/,66,0,3
1637799358305,86,HTTP Request,200,OK,Thread Group 1-10,text,true,,170,890,14,14,http://13.229.114.206:5000/,85,0,3
1637799358334,59,HTTP Request,200,OK,Thread Group 1-17,text,true,,170,890,14,14,http://13.229.114.206:5000/,59,0,4
1637799358351,67,HTTP Request,200,OK,Thread Group 1-8,text,true,,170,890,14,14,http://13.229.114.206:5000/,67,0,4
1637799358352,88,HTTP Request,200,OK,Thread Group 1-9,text,true,,170,890,15,15,http://13.229.114.206:5000/,88,0,5
1637799358353,87,HTTP Request,200,OK,Thread Group 1-13,text,true,,170,890,15,15,http://13.229.114.206:5000/,87,0,5
1637799358354,86,HTTP Request,200,OK,Thread Group 1-15,text,true,,170,890,15,15,http://13.229.114.206:5000/,86,0,4
1637799358380,63,HTTP Request,200,OK,Thread Group 1-12,text,true,,170,890,15,15,http://13.229.114.206:5000/,63,0,3
1637799358386,81,HTTP Request,200,OK,Thread Group 1-16,text,true,,170,890,15,15,http://13.229.114.206:5000/,81,0,5
1637799358385,83,HTTP Request,200,OK,Thread Group 1-14,text,true,,170,890,15,15,http://13.229.114.206:5000/,83,0,6
1637799358383,86,HTTP Request,200,OK,Thread Group 1-18,text,true,,170,890,15,15,http://13.229.114.206:5000/,86,0,5
1637799358385,85,HTTP Request,200,OK,Thread Group 1-7,text,true,,170,890,15,15,http://13.229.114.206:5000/,85,0,6
1637799358389,104,HTTP Request,200,OK,Thread Group 1-11,text,true,,170,890,16,16,http://13.229.114.206:5000/,104,0,6
1637799358391,104,HTTP Request,200,OK,Thread Group 1-10,text,true,,170,890,16,16,http://13.229.114.206:5000/,104,0,6
1637799358388,107,HTTP Request,200,OK,Thread Group 1-5,text,true,,170,890,16,16,http://13.229.114.206:5000/,107,0,7
1637799358387,110,HTTP Request,200,OK,Thread Group 1-6,text,true,,170,890,15,15,http://13.229.114.206:5000/,110,0,4
1637799358440,80,HTTP Request,200,OK,Thread Group 1-13,text,true,,170,890,15,15,http://13.229.114.206:5000/,80,0,4
1637799358418,104,HTTP Request,200,OK,Thread Group 1-8,text,true,,170,890,15,15,http://13.229.114.206:5000/,104,0,3
1637799358393,130,HTTP Request,200,OK,Thread Group 1-17,text,true,,170,890,15,15,http://13.229.114.206:5000/,130,0,4
1637799358435,89,HTTP Request,200,OK,Thread Group 1-19,text,true,,170,890,15,15,http://13.229.114.206:5000/,89,0,5
1637799358440,106,HTTP Request,200,OK,Thread Group 1-15,text,true,,170,890,15,15,http://13.229.114.206:5000/,106,0,5
1637799358443,105,HTTP Request,200,OK,Thread Group 1-12,text,true,,170,890,15,15,http://13.229.114.206:5000/,105,0,3
1637799358440,110,HTTP Request,200,OK,Thread Group 1-9,text,true,,170,890,15,15,http://13.229.114.206:5000/,110,0,5
1637799358467,85,HTTP Request,200,OK,Thread Group 1-16,text,true,,170,890,15,15,http://13.229.114.206:5000/,85,0,4
1637799358469,107,HTTP Request,200,OK,Thread Group 1-18,text,true,,170,890,15,15,http://13.229.114.206:5000/,106,0,3
1637799358470,106,HTTP Request,200,OK,Thread Group 1-7,text,true,,170,890,15,15,http://13.229.114.206:5000/,106,0,3
1637799358468,109,HTTP Request,200,OK,Thread Group 1-14,text,true,,170,890,15,15,http://13.229.114.206:5000/,109,0,3
1637799358486,91,HTTP Request,200,OK,Thread Group 1-20,text,true,,170,890,15,15,http://13.229.114.206:5000/,91,0,4
1637799358497,102,HTTP Request,200,OK,Thread Group 1-6,text,true,,170,890,15,15,http://13.229.114.206:5000/,102,0,4
1637799358494,106,HTTP Request,200,OK,Thread Group 1-11,text,true,,170,890,14,14,http://13.229.114.206:5000/,106,0,4
1637799358520,80,HTTP Request,200,OK,Thread Group 1-13,text,true,,170,890,14,14,http://13.229.114.206:5000/,80,0,5
1637799358495,107,HTTP Request,200,OK,Thread Group 1-10,text,true,,170,890,14,14,http://13.229.114.206:5000/,107,0,4
1637799358523,103,HTTP Request,200,OK,Thread Group 1-17,text,true,,170,890,14,14,http://13.229.114.206:5000/,103,0,4
1637799358546,81,HTTP Request,200,OK,Thread Group 1-15,text,true,,170,890,14,14,http://13.229.114.206:5000/,81,0,4
1637799358524,104,HTTP Request,200,OK,Thread Group 1-19,text,true,,170,890,14,14,http://13.229.114.206:5000/,104,0,4
1637799358522,107,HTTP Request,200,OK,Thread Group 1-8,text,true,,170,890,14,14,http://13.229.114.206:5000/,106,0,3
1637799358548,107,HTTP Request,200,OK,Thread Group 1-12,text,true,,170,890,14,14,http://13.229.114.206:5000/,107,0,4
1637799358576,79,HTTP Request,200,OK,Thread Group 1-18,text,true,,170,890,14,14,http://13.229.114.206:5000/,79,0,4
1637799358550,106,HTTP Request,200,OK,Thread Group 1-9,text,true,,170,890,14,14,http://13.229.114.206:5000/,106,0,3
1637799358552,105,HTTP Request,200,OK,Thread Group 1-16,text,true,,170,890,14,14,http://13.229.114.206:5000/,105,0,4
1637799358577,109,HTTP Request,200,OK,Thread Group 1-14,text,true,,170,890,14,14,http://13.229.114.206:5000/,109,0,4
1637799358576,110,HTTP Request,200,OK,Thread Group 1-7,text,true,,170,890,14,14,http://13.229.114.206:5000/,110,0,4
1637799358627,60,HTTP Request,200,OK,Thread Group 1-15,text,true,,170,890,13,13,http://13.229.114.206:5000/,60,0,3
1637799358577,111,HTTP Request,200,OK,Thread Group 1-20,text,true,,170,890,13,13,http://13.229.114.206:5000/,111,0,4
1637799358602,86,HTTP Request,200,OK,Thread Group 1-10,text,true,,170,890,13,13,http://13.229.114.206:5000/,86,0,4
1637799358626,63,HTTP Request,200,OK,Thread Group 1-17,text,true,,170,890,13,13,http://13.229.114.206:5000/,63,0,4
1637799358600,89,HTTP Request,200,OK,Thread Group 1-13,text,true,,170,890,13,13,http://13.229.114.206:5000/,89,0,3
1637799358628,65,HTTP Request,200,OK,Thread Group 1-19,text,true,,170,890,13,13,http://13.229.114.206:5000/,65,0,3
1637799358600,94,HTTP Request,200,OK,Thread Group 1-11,text,true,,170,890,13,13,http://13.229.114.206:5000/,94,0,4
1637799358629,66,HTTP Request,200,OK,Thread Group 1-8,text,true,,170,890,13,13,http://13.229.114.206:5000/,66,0,3
1637799358656,63,HTTP Request,200,OK,Thread Group 1-18,text,true,,170,890,13,13,http://13.229.114.206:5000/,63,0,3
1637799358655,64,HTTP Request,200,OK,Thread Group 1-12,text,true,,170,890,13,13,http://13.229.114.206:5000/,64,0,4
1637799358658,86,HTTP Request,200,OK,Thread Group 1-16,text,true,,170,890,13,13,http://13.229.114.206:5000/,86,0,2
1637799358686,58,HTTP Request,200,OK,Thread Group 1-14,text,true,,170,890,13,13,http://13.229.114.206:5000/,58,0,5
1637799358656,89,HTTP Request,200,OK,Thread Group 1-9,text,true,,170,890,13,13,http://13.229.114.206:5000/,89,0,3
1637799358687,59,HTTP Request,200,OK,Thread Group 1-15,text,true,,170,890,13,13,http://13.229.114.206:5000/,59,0,4
1637799358688,83,HTTP Request,200,OK,Thread Group 1-10,text,true,,170,890,13,13,http://13.229.114.206:5000/,83,0,4
1637799358690,82,HTTP Request,200,OK,Thread Group 1-13,text,true,,170,890,13,13,http://13.229.114.206:5000/,82,0,4
1637799358688,84,HTTP Request,200,OK,Thread Group 1-20,text,true,,170,890,13,13,http://13.229.114.206:5000/,84,0,4
1637799358690,83,HTTP Request,200,OK,Thread Group 1-17,text,true,,170,890,13,13,http://13.229.114.206:5000/,83,0,7
1637799358694,101,HTTP Request,200,OK,Thread Group 1-11,text,true,,170,890,13,13,http://13.229.114.206:5000/,101,0,4
1637799358693,103,HTTP Request,200,OK,Thread Group 1-19,text,true,,170,890,13,13,http://13.229.114.206:5000/,102,0,3
1637799358719,77,HTTP Request,200,OK,Thread Group 1-12,text,true,,170,890,13,13,http://13.229.114.206:5000/,77,0,3
1637799358695,101,HTTP Request,200,OK,Thread Group 1-8,text,true,,170,890,13,13,http://13.229.114.206:5000/,101,0,3
1637799358719,99,HTTP Request,200,OK,Thread Group 1-18,text,true,,170,890,12,12,http://13.229.114.206:5000/,99,0,3
1637799358744,75,HTTP Request,200,OK,Thread Group 1-16,text,true,,170,890,12,12,http://13.229.114.206:5000/,74,0,3
1637799358744,75,HTTP Request,200,OK,Thread Group 1-14,text,true,,170,890,12,12,http://13.229.114.206:5000/,75,0,4
1637799358745,78,HTTP Request,200,OK,Thread Group 1-9,text,true,,170,890,12,12,http://13.229.114.206:5000/,78,0,3
1637799358746,102,HTTP Request,200,OK,Thread Group 1-15,text,true,,170,890,11,11,http://13.229.114.206:5000/,102,0,2
1637799358772,76,HTTP Request,200,OK,Thread Group 1-13,text,true,,170,890,11,11,http://13.229.114.206:5000/,76,0,4
1637799358772,77,HTTP Request,200,OK,Thread Group 1-20,text,true,,170,890,11,11,http://13.229.114.206:5000/,77,0,4
1637799358771,89,HTTP Request,200,OK,Thread Group 1-10,text,true,,170,890,11,11,http://13.229.114.206:5000/,89,0,4
1637799358796,75,HTTP Request,200,OK,Thread Group 1-12,text,true,,170,890,11,11,http://13.229.114.206:5000/,75,0,4
1637799358796,80,HTTP Request,200,OK,Thread Group 1-11,text,true,,170,890,11,11,http://13.229.114.206:5000/,80,0,3
1637799358796,80,HTTP Request,200,OK,Thread Group 1-19,text,true,,170,890,11,11,http://13.229.114.206:5000/,80,0,4
1637799358773,104,HTTP Request,200,OK,Thread Group 1-17,text,true,,170,890,11,11,http://13.229.114.206:5000/,104,0,4
1637799358819,81,HTTP Request,200,OK,Thread Group 1-14,text,true,,170,890,11,11,http://13.229.114.206:5000/,81,0,5
1637799358819,83,HTTP Request,200,OK,Thread Group 1-16,text,true,,170,890,11,11,http://13.229.114.206:5000/,83,0,3
1637799358819,85,HTTP Request,200,OK,Thread Group 1-18,text,true,,170,890,11,11,http://13.229.114.206:5000/,85,0,3
1637799358848,79,HTTP Request,200,OK,Thread Group 1-15,text,true,,170,890,11,11,http://13.229.114.206:5000/,79,0,13
1637799358849,80,HTTP Request,200,OK,Thread Group 1-20,text,true,,170,890,11,11,http://13.229.114.206:5000/,80,0,14
1637799358861,69,HTTP Request,200,OK,Thread Group 1-10,text,true,,170,890,11,11,http://13.229.114.206:5000/,69,0,8
1637799358849,82,HTTP Request,200,OK,Thread Group 1-13,text,true,,170,890,10,10,http://13.229.114.206:5000/,82,0,14
1637799358876,76,HTTP Request,200,OK,Thread Group 1-11,text,true,,170,890,10,10,http://13.229.114.206:5000/,76,0,3
1637799358876,76,HTTP Request,200,OK,Thread Group 1-19,text,true,,170,890,9,9,http://13.229.114.206:5000/,76,0,4
1637799358871,103,HTTP Request,200,OK,Thread Group 1-12,text,true,,170,890,9,9,http://13.229.114.206:5000/,103,0,3
1637799358878,104,HTTP Request,200,OK,Thread Group 1-17,text,true,,170,890,8,8,http://13.229.114.206:5000/,104,0,2
1637799358927,75,HTTP Request,200,OK,Thread Group 1-15,text,true,,170,890,8,8,http://13.229.114.206:5000/,75,0,3
1637799358929,75,HTTP Request,200,OK,Thread Group 1-20,text,true,,170,890,8,8,http://13.229.114.206:5000/,75,0,3
1637799358900,104,HTTP Request,200,OK,Thread Group 1-14,text,true,,170,890,8,8,http://13.229.114.206:5000/,104,0,3
1637799358904,101,HTTP Request,200,OK,Thread Group 1-18,text,true,,170,890,8,8,http://13.229.114.206:5000/,101,0,3
1637799358902,105,HTTP Request,200,OK,Thread Group 1-16,text,true,,170,890,8,8,http://13.229.114.206:5000/,105,0,4
1637799358931,96,HTTP Request,200,OK,Thread Group 1-13,text,true,,170,890,8,8,http://13.229.114.206:5000/,96,0,3
1637799358952,78,HTTP Request,200,OK,Thread Group 1-19,text,true,,170,890,7,7,http://13.229.114.206:5000/,78,0,3
1637799358982,49,HTTP Request,200,OK,Thread Group 1-17,text,true,,170,890,7,7,http://13.229.114.206:5000/,49,0,4
1637799359003,49,HTTP Request,200,OK,Thread Group 1-15,text,true,,170,890,7,7,http://13.229.114.206:5000/,49,0,3
1637799359004,50,HTTP Request,200,OK,Thread Group 1-20,text,true,,170,890,6,6,http://13.229.114.206:5000/,50,0,4
1637799359005,51,HTTP Request,200,OK,Thread Group 1-14,text,true,,170,890,6,6,http://13.229.114.206:5000/,51,0,3
1637799359005,52,HTTP Request,200,OK,Thread Group 1-18,text,true,,170,890,5,5,http://13.229.114.206:5000/,52,0,4
1637799359007,60,HTTP Request,200,OK,Thread Group 1-16,text,true,,170,890,5,5,http://13.229.114.206:5000/,60,0,3
1637799359030,61,HTTP Request,200,OK,Thread Group 1-19,text,true,,170,890,5,5,http://13.229.114.206:5000/,61,0,4
1637799359031,63,HTTP Request,200,OK,Thread Group 1-17,text,true,,170,890,5,5,http://13.229.114.206:5000/,63,0,3
1637799359055,60,HTTP Request,200,OK,Thread Group 1-20,text,true,,170,890,5,5,http://13.229.114.206:5000/,60,0,3
1637799359057,59,HTTP Request,200,OK,Thread Group 1-18,text,true,,170,890,5,5,http://13.229.114.206:5000/,59,0,3
1637799359067,53,HTTP Request,200,OK,Thread Group 1-16,text,true,,170,890,5,5,http://13.229.114.206:5000/,53,0,3
1637799359091,48,HTTP Request,200,OK,Thread Group 1-19,text,true,,170,890,4,4,http://13.229.114.206:5000/,48,0,4
1637799359095,48,HTTP Request,200,OK,Thread Group 1-17,text,true,,170,890,4,4,http://13.229.114.206:5000/,48,0,3
1637799359115,47,HTTP Request,200,OK,Thread Group 1-20,text,true,,170,890,3,3,http://13.229.114.206:5000/,47,0,4
1637799359116,50,HTTP Request,200,OK,Thread Group 1-18,text,true,,170,890,3,3,http://13.229.114.206:5000/,50,0,3
1637799359140,47,HTTP Request,200,OK,Thread Group 1-19,text,true,,170,890,2,2,http://13.229.114.206:5000/,47,0,3
1637799359162,43,HTTP Request,200,OK,Thread Group 1-20,text,true,,170,890,1,1,http://13.229.114.206:5000/,43,0,3
